{"cameraMode":{"drawMode":0,"name":"Shaded","section":"Shading Mode"},"sceneLighting":true,"audioPlay":false,"sceneViewState":{"m_AlwaysRefresh":false,"showFog":true,"showSkybox":true,"showFlares":true,"showImageEffects":true,"showParticleSystems":true,"showVisualEffectGraphs":true,"m_FxEnabled":true},"in2DMode":false,"pivot":{"x":2.0222675800323488,"y":0.7896180748939514,"z":3.255120277404785},"rotation":{"x":0.08843450248241425,"y":0.29453256726264956,"z":-0.02738155983388424,"w":0.9511489868164063},"size":2.7548272609710695,"orthographic":false}